Reino Unido;Lewis Hamilton;103
Alemanha;Michael Schumacher;91
Pa�ses Baixos;Max Verstappen;54
Alemanha;Sebastian Vettel;53
Fran�a;Alain Prost;51
Brasil;Ayrton Senna;41
Espanha;Fernando Alonso;32
Reino Unido;Nigel Mansell;31
Esc�cia;Jackie Stewart;27
Esc�cia;Jim Clark;25
�ustria;Niki Lauda;25
Argentina;Juan Manuel Fangio;24
Brasil;Nelson Piquet;23
Alemanha;Nico Rosberg;23
Reino Unido;Damon Hill;22
Finl�ndia;Kimi R�ikk�nen;21
Finl�ndia;Mika H�kkinen;20
Reino Unido;Stirling Moss;16
Reino Unido;Jenson Button;15
Reino Unido;Graham Hill;14
Austr�lia;Jack Brabham;14
Brasil;Emerson Fittipaldi;14
It�lia;Alberto Ascari;13
Esc�cia;David Coulthard;13
Estados Unidos;Mario Andretti;12
Argentina;Carlos Reutemann;12
Austr�lia;Alan Jones;12
Canad�;Jacques Villeneuve;11
Brasil;Rubens Barrichello;11
Brasil;Felipe Massa;11
Reino Unido;James Hunt;10
Su�cia;Ronnie Peterson;10
�frica do Sul;Jody Scheckter;10
�ustria;Gerhard Berger;10
Finl�ndia;Valtteri Bottas;10
Austr�lia;Mark Webber;9
B�lgica;Jacky Ickx;8
Nova Zel�ndia;Denny Hulme;8
Austr�lia;Daniel Ricciardo;8
Fran�a;Ren� Arnoux;7
Col�mbia;Juan Pablo Montoya;7
Reino Unido;Tony Brooks;6
Reino Unido;John Surtees;6
�ustria;Jochen Rindt;6
Canad�;Gilles Villeneuve;6
Fran�a;Jacques Laffite;6
It�lia;Riccardo Patrese;6
Alemanha;Ralf Schumacher;6
M�xico;Sergio P�rez;6
It�lia;Nino Farina;5
Su��a;Clay Regazzoni;5
Reino Unido;John Watson;5
It�lia;Michele Alboreto;5
Finl�ndia;Keke Rosberg;5
M�naco;Charles Leclerc;5
Estados Unidos;Dan Gurney;4
Nova Zel�ndia;Bruce McLaren;4
Irlanda do Norte;Eddie Irvine;4
Reino Unido;Mike Hawthorn;3
Reino Unido;Peter Collins;3
Estados Unidos;Phil Hill;3
Fran�a;Didier Pironi;3
B�lgica;Thierry Boutsen;3
Alemanha;Heinz-Harald Frentzen;3
Reino Unido;Johnny Herbert;3
It�lia;Giancarlo Fisichella;3
Estados Unidos;Bill Vukovich;2
Argentina;Jos� Froil�n Gonz�lez;2
Fran�a;Maurice Trintignant;2
Alemanha;Wolfgang von Trips;2
M�xico;Pedro Rodr�guez;2
Su��a;Jo Siffert;2
Estados Unidos;Peter Revson;2
Fran�a;Patrick Depailler;2
Fran�a;Jean-Pierre Jabouille;2
Fran�a;Patrick Tambay;2
It�lia;Elio de Angelis;2
Espanha;Carlos Sainz Jr.;2
Estados Unidos;Johnnie Parsons;1
Estados Unidos;Lee Wallard;1
It�lia;Luigi Fagioli;1
It�lia;Piero Taruffi;1
Estados Unidos;Troy Ruttman;1
Estados Unidos;Bob Sweikert;1
It�lia;Luigi Musso;1
Estados Unidos;Pat Flaherty;1
Estados Unidos;Sam Hanks;1
Estados Unidos;Jimmy Bryan;1
Estados Unidos;Rodger Ward;1
Su�cia;Joakim Bonnier;1
Estados Unidos;Jim Rathmann;1
It�lia;Giancarlo Baghetti;1
Reino Unido;Innes Ireland;1
It�lia;Lorenzo Bandini;1
Estados Unidos;Richie Ginther;1
It�lia;Ludovico Scarfiotti;1
Reino Unido;Peter Gethin;1
Fran�a;Fran�ois C�vert;1
Fran�a;Jean-Pierre Beltoise;1
Brasil;Jos� Carlos Pace;1
Alemanha;Jochen Mass;1
It�lia;Vittorio Brambilla;1
Su�cia;Gunnar Nilsson;1
It�lia;Alessandro Nannini;1
Fran�a;Jean Alesi;1
Fran�a;Olivier Panis;1
It�lia;Jarno Trulli;1
Pol�nia;Robert Kubica;1
Finl�ndia;Heikki Kovalainen;1
Venezuela;Pastor Maldonado;1
Fran�a;Pierre Gasly;1
Fran�a;Esteban Ocon;1
Reino Unido;George Russell;1
